{
    "accuracy": 0.9423828125,
    "precision": 0.8786885245901639,
    "recall": 0.9241379310344827,
    "auc": 0.9743047073193649
}